Workbook

Sheet Ordnet
A1: =Forskellige_se!A1 | B1: =Forskellige_se!E1 | C1: =Forskellige_se!F1 | D1: =Forskellige_se!C1 | E1: =Forskellige_se!D1 | F1: =Forskellige_se!G1 | G1: =Forskellige_se!H1 | H1: =Forskellige_se!I1 | I1: =Forskellige_se!J1 | J1: =Forskellige_se!K1 | K1: =Forskellige_se!L1
A2: =Forskellige_se!A2 | B2: =Forskellige_se!E2 | C2: =Forskellige_se!F4 | D2: =Forskellige_se!C2 | E2: =Forskellige_se!D4 | F2: =Forskellige_se!G2 | G2: =Forskellige_se!H4 | H2: =Forskellige_se!I2 | I2: =Forskellige_se!J4 | J2: =Forskellige_se!K2 | K2: =Forskellige_se!L4
A3: =Forskellige_se!A3 | B3: =Forskellige_se!E3 | C3: =Forskellige_se!F5 | D3: =Forskellige_se!C3 | E3: =Forskellige_se!D5 | F3: =Forskellige_se!G3 | G3: =Forskellige_se!H5 | H3: =Forskellige_se!I3 | I3: =Forskellige_se!J5 | J3: =Forskellige_se!K3 | K3: =Forskellige_se!L5
A4: =Forskellige_se!A6 | B4: =Forskellige_se!E6 | C4: =Forskellige_se!F8 | D4: =Forskellige_se!C6 | E4: =Forskellige_se!D8 | F4: =Forskellige_se!G6 | G4: =Forskellige_se!H8 | H4: =Forskellige_se!I6 | I4: =Forskellige_se!J8 | J4: =Forskellige_se!K6 | K4: =Forskellige_se!L8
A5: =Forskellige_se!A7 | B5: =Forskellige_se!E7 | C5: =Forskellige_se!F9 | D5: =Forskellige_se!C7 | E5: =Forskellige_se!D9 | F5: =Forskellige_se!G7 | G5: =Forskellige_se!H9 | H5: =Forskellige_se!I7 | I5: =Forskellige_se!J9 | J5: =Forskellige_se!K7 | K5: =Forskellige_se!L9
A6: =Forskellige_se!A10 | B6: =Forskellige_se!E10 | C6: =Forskellige_se!F12 | D6: =Forskellige_se!C10 | E6: =Forskellige_se!D12 | F6: =Forskellige_se!G10 | G6: =Forskellige_se!H12 | H6: =Forskellige_se!I10 | I6: =Forskellige_se!J12 | J6: =Forskellige_se!K10 | K6: =Forskellige_se!L12
A7: =Forskellige_se!A11 | B7: =Forskellige_se!E11 | C7: =Forskellige_se!F13 | D7: =Forskellige_se!C11 | E7: =Forskellige_se!D13 | F7: =Forskellige_se!G11 | G7: =Forskellige_se!H13 | H7: =Forskellige_se!I11 | I7: =Forskellige_se!J13 | J7: =Forskellige_se!K11 | K7: =Forskellige_se!L13

Sheet Forskellige_se
A1: bw | B1: param | C1: cl_komkod_lin | D1: cl_komkod_quad | E1: cl_sogn_lin | F1: cl_sogn_quad | G1: cl_kvm_lin | H1: cl_kvm_quad | I1: robust_lin | J1: robust_quad | K1: conv_lin | L1: conv_quad
A2: 0.5*h_mse | B2: est | C2: 2.887** | E2: 2.887*** | G2: 2.887*** | I2: 2.887*** | K2: 2.887***
A3: 0.5*h_mse | B3: se | C3: (1.463) | E3: (1.057) | G3: (0.317) | I3: (0.465) | K3: (1.013)
A4: 0.5*h_mse | B4: est | D4: 4.635 | F4: 4.635 | H4: 4.635*** | J4: 4.635*** | L4: 4.635*
A5: 0.5*h_mse | B5: se | D5: (3.976) | F5: (3.134) | H5: (0.660) | J5: (1.541) | L5: (2.484)
A6: h_mse | B6: est | C6: 0.531 | E6: 0.531 | G6: 0.531 | I6: 0.531** | K6: 0.531
A7: h_mse | B7: se | C7: (0.903) | E7: (0.826) | G7: (1.121) | I7: (0.256) | K7: (0.474)
A8: h_mse | B8: est | D8: 2.034** | F8: 2.034** | H8: 2.034*** | J8: 2.034*** | L8: 2.034***
A9: h_mse | B9: se | D9: (0.803) | F9: (1.012) | H9: (0.729) | J9: (0.381) | L9: (0.636)
A10: 2*h_mse | B10: est | C10: -0.959 | E10: -0.959 | G10: -0.959 | I10: -0.959*** | K10: -0.959***
A11: 2*h_mse | B11: se | C11: (0.734) | E11: (0.697) | G11: (0.756) | I11: (0.216) | K11: (0.272)
A12: 2*h_mse | B12: est | D12: -1.115 | F12: -1.115 | H12: -1.115 | J12: -1.115*** | L12: -1.115***
A13: 2*h_mse | B13: se | D13: (1.465) | F13: (1.235) | H13: (1.076) | J13: (0.352) | L13: (0.424)
